No.,Source PDF,Source Path,Original No.,Page,Question,Choice A,Choice B,Choice C,Choice D,Choice E if there is,Correct Answer,Explanation,Exam Type,Subject Category,Topic Slug,Difficulty,Has Image,Image Reference,Image Path,Status,Notes
1,Abstract Reasoning 1.pdf,/Users/lyndon/All reviewers/Civil Service Exam/Civil Service Exam Reviewer 2026/ABSTRACT REASONING 2026/Abstract Reasoning 1.pdf,1,2,"Abstract Reasoning Test 1, Question 1. Which figure completes the series?",Figure A,Figure B,Figure C,Figure D,,A,Answer key from source: A.,Both,Abstract Reasoning,series-completion,2,Yes,cse_abstract_2026_psychometric_test1_q01.png,/Users/lyndon/reviewnatin/output/pdf/cse_abstract_reasoning_2026_images/cse_abstract_2026_psychometric_test1_q01.png,Ready for Upload,Psychometric Success abstract reasoning item. Question-specific crop includes the diagram and answer figures.
2,Abstract Reasoning 1.pdf,/Users/lyndon/All reviewers/Civil Service Exam/Civil Service Exam Reviewer 2026/ABSTRACT REASONING 2026/Abstract Reasoning 1.pdf,2,2,"Abstract Reasoning Test 1, Question 2. Which figure completes the series?",Figure A,Figure B,Figure C,Figure D,,C,Answer key from source: C.,Both,Abstract Reasoning,series-completion,2,Yes,cse_abstract_2026_psychometric_test1_q02.png,/Users/lyndon/reviewnatin/output/pdf/cse_abstract_reasoning_2026_images/cse_abstract_2026_psychometric_test1_q02.png,Ready for Upload,Psychometric Success abstract reasoning item. Question-specific crop includes the diagram and answer figures.
3,Abstract Reasoning 1.pdf,/Users/lyndon/All reviewers/Civil Service Exam/Civil Service Exam Reviewer 2026/ABSTRACT REASONING 2026/Abstract Reasoning 1.pdf,3,2,"Abstract Reasoning Test 1, Question 3. Which figure completes the series?",Figure A,Figure B,Figure C,Figure D,,C,Answer key from source: C.,Both,Abstract Reasoning,series-completion,2,Yes,cse_abstract_2026_psychometric_test1_q03.png,/Users/lyndon/reviewnatin/output/pdf/cse_abstract_reasoning_2026_images/cse_abstract_2026_psychometric_test1_q03.png,Ready for Upload,Psychometric Success abstract reasoning item. Question-specific crop includes the diagram and answer figures.
4,Abstract Reasoning 1.pdf,/Users/lyndon/All reviewers/Civil Service Exam/Civil Service Exam Reviewer 2026/ABSTRACT REASONING 2026/Abstract Reasoning 1.pdf,4,2,"Abstract Reasoning Test 1, Question 4. Which figure completes the series?",Figure A,Figure B,Figure C,Figure D,,D,Answer key from source: D.,Both,Abstract Reasoning,series-completion,2,Yes,cse_abstract_2026_psychometric_test1_q04.png,/Users/lyndon/reviewnatin/output/pdf/cse_abstract_reasoning_2026_images/cse_abstract_2026_psychometric_test1_q04.png,Ready for Upload,Psychometric Success abstract reasoning item. Question-specific crop includes the diagram and answer figures.
5,Abstract Reasoning 1.pdf,/Users/lyndon/All reviewers/Civil Service Exam/Civil Service Exam Reviewer 2026/ABSTRACT REASONING 2026/Abstract Reasoning 1.pdf,5,2,"Abstract Reasoning Test 1, Question 5. Which figure completes the series?",Figure A,Figure B,Figure C,Figure D,,B,Answer key from source: B.,Both,Abstract Reasoning,series-completion,2,Yes,cse_abstract_2026_psychometric_test1_q05.png,/Users/lyndon/reviewnatin/output/pdf/cse_abstract_reasoning_2026_images/cse_abstract_2026_psychometric_test1_q05.png,Ready for Upload,Psychometric Success abstract reasoning item. Question-specific crop includes the diagram and answer figures.
6,Abstract Reasoning 1.pdf,/Users/lyndon/All reviewers/Civil Service Exam/Civil Service Exam Reviewer 2026/ABSTRACT REASONING 2026/Abstract Reasoning 1.pdf,6,3,"Abstract Reasoning Test 1, Question 6. Which figure completes the statement?",Figure A,Figure B,Figure C,Figure D,,B,Answer key from source: B.,Both,Abstract Reasoning,analogies,3,Yes,cse_abstract_2026_psychometric_test1_q06.png,/Users/lyndon/reviewnatin/output/pdf/cse_abstract_reasoning_2026_images/cse_abstract_2026_psychometric_test1_q06.png,Ready for Upload,Psychometric Success abstract reasoning item. Question-specific crop includes the diagram and answer figures.
7,Abstract Reasoning 1.pdf,/Users/lyndon/All reviewers/Civil Service Exam/Civil Service Exam Reviewer 2026/ABSTRACT REASONING 2026/Abstract Reasoning 1.pdf,7,3,"Abstract Reasoning Test 1, Question 7. Which figure completes the statement?",Figure A,Figure B,Figure C,Figure D,,C,Answer key from source: C.,Both,Abstract Reasoning,analogies,3,Yes,cse_abstract_2026_psychometric_test1_q07.png,/Users/lyndon/reviewnatin/output/pdf/cse_abstract_reasoning_2026_images/cse_abstract_2026_psychometric_test1_q07.png,Ready for Upload,Psychometric Success abstract reasoning item. Question-specific crop includes the diagram and answer figures.
8,Abstract Reasoning 1.pdf,/Users/lyndon/All reviewers/Civil Service Exam/Civil Service Exam Reviewer 2026/ABSTRACT REASONING 2026/Abstract Reasoning 1.pdf,8,3,"Abstract Reasoning Test 1, Question 8. Which figure completes the statement?",Figure A,Figure B,Figure C,Figure D,,D,Answer key from source: D.,Both,Abstract Reasoning,analogies,3,Yes,cse_abstract_2026_psychometric_test1_q08.png,/Users/lyndon/reviewnatin/output/pdf/cse_abstract_reasoning_2026_images/cse_abstract_2026_psychometric_test1_q08.png,Ready for Upload,Psychometric Success abstract reasoning item. Question-specific crop includes the diagram and answer figures.
9,Abstract Reasoning 1.pdf,/Users/lyndon/All reviewers/Civil Service Exam/Civil Service Exam Reviewer 2026/ABSTRACT REASONING 2026/Abstract Reasoning 1.pdf,9,3,"Abstract Reasoning Test 1, Question 9. Which figure completes the statement?",Figure A,Figure B,Figure C,Figure D,,A,Answer key from source: A.,Both,Abstract Reasoning,analogies,3,Yes,cse_abstract_2026_psychometric_test1_q09.png,/Users/lyndon/reviewnatin/output/pdf/cse_abstract_reasoning_2026_images/cse_abstract_2026_psychometric_test1_q09.png,Ready for Upload,Psychometric Success abstract reasoning item. Question-specific crop includes the diagram and answer figures.
10,Abstract Reasoning 1.pdf,/Users/lyndon/All reviewers/Civil Service Exam/Civil Service Exam Reviewer 2026/ABSTRACT REASONING 2026/Abstract Reasoning 1.pdf,10,4,"Abstract Reasoning Test 1, Question 10. Which figure completes the statement?",Figure A,Figure B,Figure C,Figure D,,C,Answer key from source: C.,Both,Abstract Reasoning,analogies,3,Yes,cse_abstract_2026_psychometric_test1_q10.png,/Users/lyndon/reviewnatin/output/pdf/cse_abstract_reasoning_2026_images/cse_abstract_2026_psychometric_test1_q10.png,Ready for Upload,Psychometric Success abstract reasoning item. Question-specific crop includes the diagram and answer figures.
11,Abstract Reasoning 1.pdf,/Users/lyndon/All reviewers/Civil Service Exam/Civil Service Exam Reviewer 2026/ABSTRACT REASONING 2026/Abstract Reasoning 1.pdf,11,4,"Abstract Reasoning Test 1, Question 11. Which figure is the odd one out?",Figure A,Figure B,Figure C,Figure D,Figure E,C,Answer key from source: C.,Both,Abstract Reasoning,odd-one-out,2,Yes,cse_abstract_2026_psychometric_test1_q11.png,/Users/lyndon/reviewnatin/output/pdf/cse_abstract_reasoning_2026_images/cse_abstract_2026_psychometric_test1_q11.png,Ready for Upload,Psychometric Success abstract reasoning item. Question-specific crop includes the diagram and answer figures.
12,Abstract Reasoning 1.pdf,/Users/lyndon/All reviewers/Civil Service Exam/Civil Service Exam Reviewer 2026/ABSTRACT REASONING 2026/Abstract Reasoning 1.pdf,12,4,"Abstract Reasoning Test 1, Question 12. Which figure is the odd one out?",Figure A,Figure B,Figure C,Figure D,Figure E,D,Answer key from source: D.,Both,Abstract Reasoning,odd-one-out,2,Yes,cse_abstract_2026_psychometric_test1_q12.png,/Users/lyndon/reviewnatin/output/pdf/cse_abstract_reasoning_2026_images/cse_abstract_2026_psychometric_test1_q12.png,Ready for Upload,Psychometric Success abstract reasoning item. Question-specific crop includes the diagram and answer figures.
13,Abstract Reasoning 1.pdf,/Users/lyndon/All reviewers/Civil Service Exam/Civil Service Exam Reviewer 2026/ABSTRACT REASONING 2026/Abstract Reasoning 1.pdf,13,4,"Abstract Reasoning Test 1, Question 13. Which figure is the odd one out?",Figure A,Figure B,Figure C,Figure D,Figure E,A,Answer key from source: A.,Both,Abstract Reasoning,odd-one-out,2,Yes,cse_abstract_2026_psychometric_test1_q13.png,/Users/lyndon/reviewnatin/output/pdf/cse_abstract_reasoning_2026_images/cse_abstract_2026_psychometric_test1_q13.png,Ready for Upload,Psychometric Success abstract reasoning item. Question-specific crop includes the diagram and answer figures.
14,Abstract Reasoning 1.pdf,/Users/lyndon/All reviewers/Civil Service Exam/Civil Service Exam Reviewer 2026/ABSTRACT REASONING 2026/Abstract Reasoning 1.pdf,14,4,"Abstract Reasoning Test 1, Question 14. Which figure is the odd one out?",Figure A,Figure B,Figure C,Figure D,Figure E,D,Answer key from source: D.,Both,Abstract Reasoning,odd-one-out,2,Yes,cse_abstract_2026_psychometric_test1_q14.png,/Users/lyndon/reviewnatin/output/pdf/cse_abstract_reasoning_2026_images/cse_abstract_2026_psychometric_test1_q14.png,Ready for Upload,Psychometric Success abstract reasoning item. Question-specific crop includes the diagram and answer figures.
15,Abstract Reasoning 1.pdf,/Users/lyndon/All reviewers/Civil Service Exam/Civil Service Exam Reviewer 2026/ABSTRACT REASONING 2026/Abstract Reasoning 1.pdf,15,5,"Abstract Reasoning Test 1, Question 15. Which figure is the odd one out?",Figure A,Figure B,Figure C,Figure D,Figure E,E,Answer key from source: E.,Both,Abstract Reasoning,odd-one-out,2,Yes,cse_abstract_2026_psychometric_test1_q15.png,/Users/lyndon/reviewnatin/output/pdf/cse_abstract_reasoning_2026_images/cse_abstract_2026_psychometric_test1_q15.png,Ready for Upload,Psychometric Success abstract reasoning item. Question-specific crop includes the diagram and answer figures.
16,Abstract Reasoning 1.pdf,/Users/lyndon/All reviewers/Civil Service Exam/Civil Service Exam Reviewer 2026/ABSTRACT REASONING 2026/Abstract Reasoning 1.pdf,16,5,"Abstract Reasoning Test 1, Question 16. Which figure completes the series?",Figure A,Figure B,Figure C,Figure D,,D,Answer key from source: D.,Both,Abstract Reasoning,series-completion,2,Yes,cse_abstract_2026_psychometric_test1_q16.png,/Users/lyndon/reviewnatin/output/pdf/cse_abstract_reasoning_2026_images/cse_abstract_2026_psychometric_test1_q16.png,Ready for Upload,Psychometric Success abstract reasoning item. Question-specific crop includes the diagram and answer figures.
17,Abstract Reasoning 1.pdf,/Users/lyndon/All reviewers/Civil Service Exam/Civil Service Exam Reviewer 2026/ABSTRACT REASONING 2026/Abstract Reasoning 1.pdf,17,5,"Abstract Reasoning Test 1, Question 17. Which figure completes the series?",Figure A,Figure B,Figure C,Figure D,,A,Answer key from source: A.,Both,Abstract Reasoning,series-completion,2,Yes,cse_abstract_2026_psychometric_test1_q17.png,/Users/lyndon/reviewnatin/output/pdf/cse_abstract_reasoning_2026_images/cse_abstract_2026_psychometric_test1_q17.png,Ready for Upload,Psychometric Success abstract reasoning item. Question-specific crop includes the diagram and answer figures.
18,Abstract Reasoning 1.pdf,/Users/lyndon/All reviewers/Civil Service Exam/Civil Service Exam Reviewer 2026/ABSTRACT REASONING 2026/Abstract Reasoning 1.pdf,18,6,"Abstract Reasoning Test 1, Question 18. Which figure belongs in neither group?",Figure A,Figure B,Figure C,Figure D,,C,Answer key from source: C.,Both,Abstract Reasoning,odd-one-out,2,Yes,cse_abstract_2026_psychometric_test1_q18.png,/Users/lyndon/reviewnatin/output/pdf/cse_abstract_reasoning_2026_images/cse_abstract_2026_psychometric_test1_q18.png,Ready for Upload,Psychometric Success abstract reasoning item. Question-specific crop includes the diagram and answer figures.
19,Abstract Reasoning 1.pdf,/Users/lyndon/All reviewers/Civil Service Exam/Civil Service Exam Reviewer 2026/ABSTRACT REASONING 2026/Abstract Reasoning 1.pdf,19,6,"Abstract Reasoning Test 1, Question 19. Which figure belongs in neither group?",Figure A,Figure B,Figure C,Figure D,,A,Answer key from source: A.,Both,Abstract Reasoning,odd-one-out,2,Yes,cse_abstract_2026_psychometric_test1_q19.png,/Users/lyndon/reviewnatin/output/pdf/cse_abstract_reasoning_2026_images/cse_abstract_2026_psychometric_test1_q19.png,Ready for Upload,Psychometric Success abstract reasoning item. Question-specific crop includes the diagram and answer figures.
20,Abstract Reasoning 1.pdf,/Users/lyndon/All reviewers/Civil Service Exam/Civil Service Exam Reviewer 2026/ABSTRACT REASONING 2026/Abstract Reasoning 1.pdf,20,6,"Abstract Reasoning Test 1, Question 20. Which figure is next in the series?",Figure A,Figure B,Figure C,Figure D,,B,Answer key from source: B.,Both,Abstract Reasoning,series-completion,2,Yes,cse_abstract_2026_psychometric_test1_q20.png,/Users/lyndon/reviewnatin/output/pdf/cse_abstract_reasoning_2026_images/cse_abstract_2026_psychometric_test1_q20.png,Ready for Upload,Psychometric Success abstract reasoning item. Question-specific crop includes the diagram and answer figures.
21,Abstract Reasoning 1.pdf,/Users/lyndon/All reviewers/Civil Service Exam/Civil Service Exam Reviewer 2026/ABSTRACT REASONING 2026/Abstract Reasoning 1.pdf,21,7,"Abstract Reasoning Test 1, Question 21. Which figure is next in the series?",Figure A,Figure B,Figure C,Figure D,,D,Answer key from source: D.,Both,Abstract Reasoning,series-completion,2,Yes,cse_abstract_2026_psychometric_test1_q21.png,/Users/lyndon/reviewnatin/output/pdf/cse_abstract_reasoning_2026_images/cse_abstract_2026_psychometric_test1_q21.png,Ready for Upload,Psychometric Success abstract reasoning item. Question-specific crop includes the diagram and answer figures.
22,Abstract Reasoning 1.pdf,/Users/lyndon/All reviewers/Civil Service Exam/Civil Service Exam Reviewer 2026/ABSTRACT REASONING 2026/Abstract Reasoning 1.pdf,22,7,"Abstract Reasoning Test 1, Question 22. Which figure completes the grid?",Figure A,Figure B,Figure C,Figure D,,B,Answer key from source: B.,Both,Abstract Reasoning,pattern-completion,2,Yes,cse_abstract_2026_psychometric_test1_q22.png,/Users/lyndon/reviewnatin/output/pdf/cse_abstract_reasoning_2026_images/cse_abstract_2026_psychometric_test1_q22.png,Ready for Upload,Psychometric Success abstract reasoning item. Question-specific crop includes the diagram and answer figures.
23,Abstract Reasoning 1.pdf,/Users/lyndon/All reviewers/Civil Service Exam/Civil Service Exam Reviewer 2026/ABSTRACT REASONING 2026/Abstract Reasoning 1.pdf,23,7,"Abstract Reasoning Test 1, Question 23. Which figure completes the grid?",Figure A,Figure B,Figure C,Figure D,,C,Answer key from source: C.,Both,Abstract Reasoning,pattern-completion,2,Yes,cse_abstract_2026_psychometric_test1_q23.png,/Users/lyndon/reviewnatin/output/pdf/cse_abstract_reasoning_2026_images/cse_abstract_2026_psychometric_test1_q23.png,Ready for Upload,Psychometric Success abstract reasoning item. Question-specific crop includes the diagram and answer figures.
24,Abstract Reasoning 1.pdf,/Users/lyndon/All reviewers/Civil Service Exam/Civil Service Exam Reviewer 2026/ABSTRACT REASONING 2026/Abstract Reasoning 1.pdf,24,8,"Abstract Reasoning Test 1, Question 24. Which figure is the odd one out?",Figure A,Figure B,Figure C,Figure D,Figure E,C,Answer key from source: C.,Both,Abstract Reasoning,odd-one-out,2,Yes,cse_abstract_2026_psychometric_test1_q24.png,/Users/lyndon/reviewnatin/output/pdf/cse_abstract_reasoning_2026_images/cse_abstract_2026_psychometric_test1_q24.png,Ready for Upload,Psychometric Success abstract reasoning item. Question-specific crop includes the diagram and answer figures.
25,Abstract Reasoning 1.pdf,/Users/lyndon/All reviewers/Civil Service Exam/Civil Service Exam Reviewer 2026/ABSTRACT REASONING 2026/Abstract Reasoning 1.pdf,25,8,"Abstract Reasoning Test 1, Question 25. Which figure is the odd one out?",Figure A,Figure B,Figure C,Figure D,Figure E,D,Answer key from source: D.,Both,Abstract Reasoning,odd-one-out,2,Yes,cse_abstract_2026_psychometric_test1_q25.png,/Users/lyndon/reviewnatin/output/pdf/cse_abstract_reasoning_2026_images/cse_abstract_2026_psychometric_test1_q25.png,Ready for Upload,Psychometric Success abstract reasoning item. Question-specific crop includes the diagram and answer figures.
26,Abstract Reasoning 2.pdf,/Users/lyndon/All reviewers/Civil Service Exam/Civil Service Exam Reviewer 2026/ABSTRACT REASONING 2026/Abstract Reasoning 2.pdf,1,1,"Abstract Reasoning Test 2, Question 1. Which figure completes the series?",Figure A,Figure B,Figure C,Figure D,,B,Answer key from source: B.,Both,Abstract Reasoning,series-completion,2,Yes,cse_abstract_2026_psychometric_test2_q01.png,/Users/lyndon/reviewnatin/output/pdf/cse_abstract_reasoning_2026_images/cse_abstract_2026_psychometric_test2_q01.png,Ready for Upload,Psychometric Success abstract reasoning item. Question-specific crop includes the diagram and answer figures.
27,Abstract Reasoning 2.pdf,/Users/lyndon/All reviewers/Civil Service Exam/Civil Service Exam Reviewer 2026/ABSTRACT REASONING 2026/Abstract Reasoning 2.pdf,2,1,"Abstract Reasoning Test 2, Question 2. Which figure completes the series?",Figure A,Figure B,Figure C,Figure D,,C,Answer key from source: C.,Both,Abstract Reasoning,series-completion,2,Yes,cse_abstract_2026_psychometric_test2_q02.png,/Users/lyndon/reviewnatin/output/pdf/cse_abstract_reasoning_2026_images/cse_abstract_2026_psychometric_test2_q02.png,Ready for Upload,Psychometric Success abstract reasoning item. Question-specific crop includes the diagram and answer figures.
28,Abstract Reasoning 2.pdf,/Users/lyndon/All reviewers/Civil Service Exam/Civil Service Exam Reviewer 2026/ABSTRACT REASONING 2026/Abstract Reasoning 2.pdf,3,1,"Abstract Reasoning Test 2, Question 3. Which figure completes the series?",Figure A,Figure B,Figure C,Figure D,,A,Answer key from source: A.,Both,Abstract Reasoning,series-completion,2,Yes,cse_abstract_2026_psychometric_test2_q03.png,/Users/lyndon/reviewnatin/output/pdf/cse_abstract_reasoning_2026_images/cse_abstract_2026_psychometric_test2_q03.png,Ready for Upload,Psychometric Success abstract reasoning item. Question-specific crop includes the diagram and answer figures.
29,Abstract Reasoning 2.pdf,/Users/lyndon/All reviewers/Civil Service Exam/Civil Service Exam Reviewer 2026/ABSTRACT REASONING 2026/Abstract Reasoning 2.pdf,4,1,"Abstract Reasoning Test 2, Question 4. Which figure completes the series?",Figure A,Figure B,Figure C,Figure D,,D,Answer key from source: D.,Both,Abstract Reasoning,series-completion,2,Yes,cse_abstract_2026_psychometric_test2_q04.png,/Users/lyndon/reviewnatin/output/pdf/cse_abstract_reasoning_2026_images/cse_abstract_2026_psychometric_test2_q04.png,Ready for Upload,Psychometric Success abstract reasoning item. Question-specific crop includes the diagram and answer figures.
30,Abstract Reasoning 2.pdf,/Users/lyndon/All reviewers/Civil Service Exam/Civil Service Exam Reviewer 2026/ABSTRACT REASONING 2026/Abstract Reasoning 2.pdf,5,1,"Abstract Reasoning Test 2, Question 5. Which figure completes the series?",Figure A,Figure B,Figure C,Figure D,,B,Answer key from source: B.,Both,Abstract Reasoning,series-completion,2,Yes,cse_abstract_2026_psychometric_test2_q05.png,/Users/lyndon/reviewnatin/output/pdf/cse_abstract_reasoning_2026_images/cse_abstract_2026_psychometric_test2_q05.png,Ready for Upload,Psychometric Success abstract reasoning item. Question-specific crop includes the diagram and answer figures.
31,Abstract Reasoning 2.pdf,/Users/lyndon/All reviewers/Civil Service Exam/Civil Service Exam Reviewer 2026/ABSTRACT REASONING 2026/Abstract Reasoning 2.pdf,6,2,"Abstract Reasoning Test 2, Question 6. Which figure completes the statement?",Figure A,Figure B,Figure C,Figure D,,C,Answer key from source: C.,Both,Abstract Reasoning,analogies,3,Yes,cse_abstract_2026_psychometric_test2_q06.png,/Users/lyndon/reviewnatin/output/pdf/cse_abstract_reasoning_2026_images/cse_abstract_2026_psychometric_test2_q06.png,Ready for Upload,Psychometric Success abstract reasoning item. Question-specific crop includes the diagram and answer figures.
32,Abstract Reasoning 2.pdf,/Users/lyndon/All reviewers/Civil Service Exam/Civil Service Exam Reviewer 2026/ABSTRACT REASONING 2026/Abstract Reasoning 2.pdf,7,2,"Abstract Reasoning Test 2, Question 7. Which figure completes the statement?",Figure A,Figure B,Figure C,Figure D,,B,Answer key from source: B.,Both,Abstract Reasoning,analogies,3,Yes,cse_abstract_2026_psychometric_test2_q07.png,/Users/lyndon/reviewnatin/output/pdf/cse_abstract_reasoning_2026_images/cse_abstract_2026_psychometric_test2_q07.png,Ready for Upload,Psychometric Success abstract reasoning item. Question-specific crop includes the diagram and answer figures.
33,Abstract Reasoning 2.pdf,/Users/lyndon/All reviewers/Civil Service Exam/Civil Service Exam Reviewer 2026/ABSTRACT REASONING 2026/Abstract Reasoning 2.pdf,8,2,"Abstract Reasoning Test 2, Question 8. Which figure completes the statement?",Figure A,Figure B,Figure C,Figure D,,B,Answer key from source: B.,Both,Abstract Reasoning,analogies,3,Yes,cse_abstract_2026_psychometric_test2_q08.png,/Users/lyndon/reviewnatin/output/pdf/cse_abstract_reasoning_2026_images/cse_abstract_2026_psychometric_test2_q08.png,Ready for Upload,Psychometric Success abstract reasoning item. Question-specific crop includes the diagram and answer figures.
34,Abstract Reasoning 2.pdf,/Users/lyndon/All reviewers/Civil Service Exam/Civil Service Exam Reviewer 2026/ABSTRACT REASONING 2026/Abstract Reasoning 2.pdf,9,2,"Abstract Reasoning Test 2, Question 9. Which figure completes the statement?",Figure A,Figure B,Figure C,Figure D,,D,Answer key from source: D.,Both,Abstract Reasoning,analogies,3,Yes,cse_abstract_2026_psychometric_test2_q09.png,/Users/lyndon/reviewnatin/output/pdf/cse_abstract_reasoning_2026_images/cse_abstract_2026_psychometric_test2_q09.png,Ready for Upload,Psychometric Success abstract reasoning item. Question-specific crop includes the diagram and answer figures.
35,Abstract Reasoning 2.pdf,/Users/lyndon/All reviewers/Civil Service Exam/Civil Service Exam Reviewer 2026/ABSTRACT REASONING 2026/Abstract Reasoning 2.pdf,10,3,"Abstract Reasoning Test 2, Question 10. Which figure completes the statement?",Figure A,Figure B,Figure C,Figure D,,C,Answer key from source: C.,Both,Abstract Reasoning,analogies,3,Yes,cse_abstract_2026_psychometric_test2_q10.png,/Users/lyndon/reviewnatin/output/pdf/cse_abstract_reasoning_2026_images/cse_abstract_2026_psychometric_test2_q10.png,Ready for Upload,Psychometric Success abstract reasoning item. Question-specific crop includes the diagram and answer figures.
36,Abstract Reasoning 2.pdf,/Users/lyndon/All reviewers/Civil Service Exam/Civil Service Exam Reviewer 2026/ABSTRACT REASONING 2026/Abstract Reasoning 2.pdf,11,3,"Abstract Reasoning Test 2, Question 11. Which figure is the odd one out?",Figure A,Figure B,Figure C,Figure D,Figure E,E,Answer key from source: E.,Both,Abstract Reasoning,odd-one-out,2,Yes,cse_abstract_2026_psychometric_test2_q11.png,/Users/lyndon/reviewnatin/output/pdf/cse_abstract_reasoning_2026_images/cse_abstract_2026_psychometric_test2_q11.png,Ready for Upload,Psychometric Success abstract reasoning item. Question-specific crop includes the diagram and answer figures.
37,Abstract Reasoning 2.pdf,/Users/lyndon/All reviewers/Civil Service Exam/Civil Service Exam Reviewer 2026/ABSTRACT REASONING 2026/Abstract Reasoning 2.pdf,12,3,"Abstract Reasoning Test 2, Question 12. Which figure is the odd one out?",Figure A,Figure B,Figure C,Figure D,Figure E,D,Answer key from source: D.,Both,Abstract Reasoning,odd-one-out,2,Yes,cse_abstract_2026_psychometric_test2_q12.png,/Users/lyndon/reviewnatin/output/pdf/cse_abstract_reasoning_2026_images/cse_abstract_2026_psychometric_test2_q12.png,Ready for Upload,Psychometric Success abstract reasoning item. Question-specific crop includes the diagram and answer figures.
38,Abstract Reasoning 2.pdf,/Users/lyndon/All reviewers/Civil Service Exam/Civil Service Exam Reviewer 2026/ABSTRACT REASONING 2026/Abstract Reasoning 2.pdf,13,3,"Abstract Reasoning Test 2, Question 13. Which figure is the odd one out?",Figure A,Figure B,Figure C,Figure D,Figure E,B,Answer key from source: B.,Both,Abstract Reasoning,odd-one-out,2,Yes,cse_abstract_2026_psychometric_test2_q13.png,/Users/lyndon/reviewnatin/output/pdf/cse_abstract_reasoning_2026_images/cse_abstract_2026_psychometric_test2_q13.png,Ready for Upload,Psychometric Success abstract reasoning item. Question-specific crop includes the diagram and answer figures.
39,Abstract Reasoning 2.pdf,/Users/lyndon/All reviewers/Civil Service Exam/Civil Service Exam Reviewer 2026/ABSTRACT REASONING 2026/Abstract Reasoning 2.pdf,14,3,"Abstract Reasoning Test 2, Question 14. Which figure is the odd one out?",Figure A,Figure B,Figure C,Figure D,Figure E,A,Answer key from source: A.,Both,Abstract Reasoning,odd-one-out,2,Yes,cse_abstract_2026_psychometric_test2_q14.png,/Users/lyndon/reviewnatin/output/pdf/cse_abstract_reasoning_2026_images/cse_abstract_2026_psychometric_test2_q14.png,Ready for Upload,Psychometric Success abstract reasoning item. Question-specific crop includes the diagram and answer figures.
40,Abstract Reasoning 2.pdf,/Users/lyndon/All reviewers/Civil Service Exam/Civil Service Exam Reviewer 2026/ABSTRACT REASONING 2026/Abstract Reasoning 2.pdf,15,4,"Abstract Reasoning Test 2, Question 15. Which figure is the odd one out?",Figure A,Figure B,Figure C,Figure D,Figure E,D,Answer key from source: D.,Both,Abstract Reasoning,odd-one-out,2,Yes,cse_abstract_2026_psychometric_test2_q15.png,/Users/lyndon/reviewnatin/output/pdf/cse_abstract_reasoning_2026_images/cse_abstract_2026_psychometric_test2_q15.png,Ready for Upload,Psychometric Success abstract reasoning item. Question-specific crop includes the diagram and answer figures.
41,Abstract Reasoning 2.pdf,/Users/lyndon/All reviewers/Civil Service Exam/Civil Service Exam Reviewer 2026/ABSTRACT REASONING 2026/Abstract Reasoning 2.pdf,16,4,"Abstract Reasoning Test 2, Question 16. Which figure completes the series?",Figure A,Figure B,Figure C,Figure D,,C,Answer key from source: C.,Both,Abstract Reasoning,series-completion,2,Yes,cse_abstract_2026_psychometric_test2_q16.png,/Users/lyndon/reviewnatin/output/pdf/cse_abstract_reasoning_2026_images/cse_abstract_2026_psychometric_test2_q16.png,Ready for Upload,Psychometric Success abstract reasoning item. Question-specific crop includes the diagram and answer figures.
42,Abstract Reasoning 2.pdf,/Users/lyndon/All reviewers/Civil Service Exam/Civil Service Exam Reviewer 2026/ABSTRACT REASONING 2026/Abstract Reasoning 2.pdf,17,4,"Abstract Reasoning Test 2, Question 17. Which figure completes the series?",Figure A,Figure B,Figure C,Figure D,,D,Answer key from source: D.,Both,Abstract Reasoning,series-completion,2,Yes,cse_abstract_2026_psychometric_test2_q17.png,/Users/lyndon/reviewnatin/output/pdf/cse_abstract_reasoning_2026_images/cse_abstract_2026_psychometric_test2_q17.png,Ready for Upload,Psychometric Success abstract reasoning item. Question-specific crop includes the diagram and answer figures.
43,Abstract Reasoning 2.pdf,/Users/lyndon/All reviewers/Civil Service Exam/Civil Service Exam Reviewer 2026/ABSTRACT REASONING 2026/Abstract Reasoning 2.pdf,18,5,"Abstract Reasoning Test 2, Question 18. Which figure belongs in neither group?",Figure A,Figure B,Figure C,Figure D,,D,Answer key from source: D.,Both,Abstract Reasoning,odd-one-out,2,Yes,cse_abstract_2026_psychometric_test2_q18.png,/Users/lyndon/reviewnatin/output/pdf/cse_abstract_reasoning_2026_images/cse_abstract_2026_psychometric_test2_q18.png,Ready for Upload,Psychometric Success abstract reasoning item. Question-specific crop includes the diagram and answer figures.
44,Abstract Reasoning 2.pdf,/Users/lyndon/All reviewers/Civil Service Exam/Civil Service Exam Reviewer 2026/ABSTRACT REASONING 2026/Abstract Reasoning 2.pdf,19,5,"Abstract Reasoning Test 2, Question 19. Which figure belongs in neither group?",Figure A,Figure B,Figure C,Figure D,,B,Answer key from source: B.,Both,Abstract Reasoning,odd-one-out,2,Yes,cse_abstract_2026_psychometric_test2_q19.png,/Users/lyndon/reviewnatin/output/pdf/cse_abstract_reasoning_2026_images/cse_abstract_2026_psychometric_test2_q19.png,Ready for Upload,Psychometric Success abstract reasoning item. Question-specific crop includes the diagram and answer figures.
45,Abstract Reasoning 2.pdf,/Users/lyndon/All reviewers/Civil Service Exam/Civil Service Exam Reviewer 2026/ABSTRACT REASONING 2026/Abstract Reasoning 2.pdf,20,5,"Abstract Reasoning Test 2, Question 20. Which figure is next in the series?",Figure A,Figure B,Figure C,Figure D,,C,Answer key from source: C.,Both,Abstract Reasoning,series-completion,2,Yes,cse_abstract_2026_psychometric_test2_q20.png,/Users/lyndon/reviewnatin/output/pdf/cse_abstract_reasoning_2026_images/cse_abstract_2026_psychometric_test2_q20.png,Ready for Upload,Psychometric Success abstract reasoning item. Question-specific crop includes the diagram and answer figures.
46,Abstract Reasoning 2.pdf,/Users/lyndon/All reviewers/Civil Service Exam/Civil Service Exam Reviewer 2026/ABSTRACT REASONING 2026/Abstract Reasoning 2.pdf,21,6,"Abstract Reasoning Test 2, Question 21. Which figure is next in the series?",Figure A,Figure B,Figure C,Figure D,,B,Answer key from source: B.,Both,Abstract Reasoning,series-completion,2,Yes,cse_abstract_2026_psychometric_test2_q21.png,/Users/lyndon/reviewnatin/output/pdf/cse_abstract_reasoning_2026_images/cse_abstract_2026_psychometric_test2_q21.png,Ready for Upload,Psychometric Success abstract reasoning item. Question-specific crop includes the diagram and answer figures.
47,Abstract Reasoning 2.pdf,/Users/lyndon/All reviewers/Civil Service Exam/Civil Service Exam Reviewer 2026/ABSTRACT REASONING 2026/Abstract Reasoning 2.pdf,22,6,"Abstract Reasoning Test 2, Question 22. Which figure completes the grid?",Figure A,Figure B,Figure C,Figure D,,D,Answer key from source: D.,Both,Abstract Reasoning,pattern-completion,2,Yes,cse_abstract_2026_psychometric_test2_q22.png,/Users/lyndon/reviewnatin/output/pdf/cse_abstract_reasoning_2026_images/cse_abstract_2026_psychometric_test2_q22.png,Ready for Upload,Psychometric Success abstract reasoning item. Question-specific crop includes the diagram and answer figures.
48,Abstract Reasoning 2.pdf,/Users/lyndon/All reviewers/Civil Service Exam/Civil Service Exam Reviewer 2026/ABSTRACT REASONING 2026/Abstract Reasoning 2.pdf,23,6,"Abstract Reasoning Test 2, Question 23. Which figure completes the grid?",Figure A,Figure B,Figure C,Figure D,,A,Answer key from source: A.,Both,Abstract Reasoning,pattern-completion,2,Yes,cse_abstract_2026_psychometric_test2_q23.png,/Users/lyndon/reviewnatin/output/pdf/cse_abstract_reasoning_2026_images/cse_abstract_2026_psychometric_test2_q23.png,Ready for Upload,Psychometric Success abstract reasoning item. Question-specific crop includes the diagram and answer figures.
49,Abstract Reasoning 2.pdf,/Users/lyndon/All reviewers/Civil Service Exam/Civil Service Exam Reviewer 2026/ABSTRACT REASONING 2026/Abstract Reasoning 2.pdf,24,7,"Abstract Reasoning Test 2, Question 24. Which figure is the odd one out?",Figure A,Figure B,Figure C,Figure D,Figure E,D,Answer key from source: D.,Both,Abstract Reasoning,odd-one-out,2,Yes,cse_abstract_2026_psychometric_test2_q24.png,/Users/lyndon/reviewnatin/output/pdf/cse_abstract_reasoning_2026_images/cse_abstract_2026_psychometric_test2_q24.png,Ready for Upload,Psychometric Success abstract reasoning item. Question-specific crop includes the diagram and answer figures.
50,Abstract Reasoning 2.pdf,/Users/lyndon/All reviewers/Civil Service Exam/Civil Service Exam Reviewer 2026/ABSTRACT REASONING 2026/Abstract Reasoning 2.pdf,25,7,"Abstract Reasoning Test 2, Question 25. Which figure is the odd one out?",Figure A,Figure B,Figure C,Figure D,Figure E,D,Answer key from source: D.,Both,Abstract Reasoning,odd-one-out,2,Yes,cse_abstract_2026_psychometric_test2_q25.png,/Users/lyndon/reviewnatin/output/pdf/cse_abstract_reasoning_2026_images/cse_abstract_2026_psychometric_test2_q25.png,Ready for Upload,Psychometric Success abstract reasoning item. Question-specific crop includes the diagram and answer figures.
51,Abstract Reasoning 3.pdf,/Users/lyndon/All reviewers/Civil Service Exam/Civil Service Exam Reviewer 2026/ABSTRACT REASONING 2026/Abstract Reasoning 3.pdf,1,1,"Abstract Reasoning Test 3, Question 1. Which figure completes the series?",Figure A,Figure B,Figure C,Figure D,,C,Answer key from source: C.,Both,Abstract Reasoning,series-completion,2,Yes,cse_abstract_2026_psychometric_test3_q01.png,/Users/lyndon/reviewnatin/output/pdf/cse_abstract_reasoning_2026_images/cse_abstract_2026_psychometric_test3_q01.png,Ready for Upload,Psychometric Success abstract reasoning item. Question-specific crop includes the diagram and answer figures.
52,Abstract Reasoning 3.pdf,/Users/lyndon/All reviewers/Civil Service Exam/Civil Service Exam Reviewer 2026/ABSTRACT REASONING 2026/Abstract Reasoning 3.pdf,2,1,"Abstract Reasoning Test 3, Question 2. Which figure completes the series?",Figure A,Figure B,Figure C,Figure D,,D,Answer key from source: D.,Both,Abstract Reasoning,series-completion,2,Yes,cse_abstract_2026_psychometric_test3_q02.png,/Users/lyndon/reviewnatin/output/pdf/cse_abstract_reasoning_2026_images/cse_abstract_2026_psychometric_test3_q02.png,Ready for Upload,Psychometric Success abstract reasoning item. Question-specific crop includes the diagram and answer figures.
53,Abstract Reasoning 3.pdf,/Users/lyndon/All reviewers/Civil Service Exam/Civil Service Exam Reviewer 2026/ABSTRACT REASONING 2026/Abstract Reasoning 3.pdf,3,1,"Abstract Reasoning Test 3, Question 3. Which figure completes the series?",Figure A,Figure B,Figure C,Figure D,,A,Answer key from source: A.,Both,Abstract Reasoning,series-completion,2,Yes,cse_abstract_2026_psychometric_test3_q03.png,/Users/lyndon/reviewnatin/output/pdf/cse_abstract_reasoning_2026_images/cse_abstract_2026_psychometric_test3_q03.png,Ready for Upload,Psychometric Success abstract reasoning item. Question-specific crop includes the diagram and answer figures.
54,Abstract Reasoning 3.pdf,/Users/lyndon/All reviewers/Civil Service Exam/Civil Service Exam Reviewer 2026/ABSTRACT REASONING 2026/Abstract Reasoning 3.pdf,4,1,"Abstract Reasoning Test 3, Question 4. Which figure completes the series?",Figure A,Figure B,Figure C,Figure D,,A,Answer key from source: A.,Both,Abstract Reasoning,series-completion,2,Yes,cse_abstract_2026_psychometric_test3_q04.png,/Users/lyndon/reviewnatin/output/pdf/cse_abstract_reasoning_2026_images/cse_abstract_2026_psychometric_test3_q04.png,Ready for Upload,Psychometric Success abstract reasoning item. Question-specific crop includes the diagram and answer figures.
55,Abstract Reasoning 3.pdf,/Users/lyndon/All reviewers/Civil Service Exam/Civil Service Exam Reviewer 2026/ABSTRACT REASONING 2026/Abstract Reasoning 3.pdf,5,1,"Abstract Reasoning Test 3, Question 5. Which figure completes the series?",Figure A,Figure B,Figure C,Figure D,,B,Answer key from source: B.,Both,Abstract Reasoning,series-completion,2,Yes,cse_abstract_2026_psychometric_test3_q05.png,/Users/lyndon/reviewnatin/output/pdf/cse_abstract_reasoning_2026_images/cse_abstract_2026_psychometric_test3_q05.png,Ready for Upload,Psychometric Success abstract reasoning item. Question-specific crop includes the diagram and answer figures.
56,Abstract Reasoning 3.pdf,/Users/lyndon/All reviewers/Civil Service Exam/Civil Service Exam Reviewer 2026/ABSTRACT REASONING 2026/Abstract Reasoning 3.pdf,6,2,"Abstract Reasoning Test 3, Question 6. Which figure completes the statement?",Figure A,Figure B,Figure C,Figure D,,B,Answer key from source: B.,Both,Abstract Reasoning,analogies,3,Yes,cse_abstract_2026_psychometric_test3_q06.png,/Users/lyndon/reviewnatin/output/pdf/cse_abstract_reasoning_2026_images/cse_abstract_2026_psychometric_test3_q06.png,Ready for Upload,Psychometric Success abstract reasoning item. Question-specific crop includes the diagram and answer figures.
57,Abstract Reasoning 3.pdf,/Users/lyndon/All reviewers/Civil Service Exam/Civil Service Exam Reviewer 2026/ABSTRACT REASONING 2026/Abstract Reasoning 3.pdf,7,2,"Abstract Reasoning Test 3, Question 7. Which figure completes the statement?",Figure A,Figure B,Figure C,Figure D,,D,Answer key from source: D.,Both,Abstract Reasoning,analogies,3,Yes,cse_abstract_2026_psychometric_test3_q07.png,/Users/lyndon/reviewnatin/output/pdf/cse_abstract_reasoning_2026_images/cse_abstract_2026_psychometric_test3_q07.png,Ready for Upload,Psychometric Success abstract reasoning item. Question-specific crop includes the diagram and answer figures.
58,Abstract Reasoning 3.pdf,/Users/lyndon/All reviewers/Civil Service Exam/Civil Service Exam Reviewer 2026/ABSTRACT REASONING 2026/Abstract Reasoning 3.pdf,8,2,"Abstract Reasoning Test 3, Question 8. Which figure completes the statement?",Figure A,Figure B,Figure C,Figure D,,A,Answer key from source: A.,Both,Abstract Reasoning,analogies,3,Yes,cse_abstract_2026_psychometric_test3_q08.png,/Users/lyndon/reviewnatin/output/pdf/cse_abstract_reasoning_2026_images/cse_abstract_2026_psychometric_test3_q08.png,Ready for Upload,Psychometric Success abstract reasoning item. Question-specific crop includes the diagram and answer figures.
59,Abstract Reasoning 3.pdf,/Users/lyndon/All reviewers/Civil Service Exam/Civil Service Exam Reviewer 2026/ABSTRACT REASONING 2026/Abstract Reasoning 3.pdf,9,2,"Abstract Reasoning Test 3, Question 9. Which figure completes the statement?",Figure A,Figure B,Figure C,Figure D,,C,Answer key from source: C.,Both,Abstract Reasoning,analogies,3,Yes,cse_abstract_2026_psychometric_test3_q09.png,/Users/lyndon/reviewnatin/output/pdf/cse_abstract_reasoning_2026_images/cse_abstract_2026_psychometric_test3_q09.png,Ready for Upload,Psychometric Success abstract reasoning item. Question-specific crop includes the diagram and answer figures.
60,Abstract Reasoning 3.pdf,/Users/lyndon/All reviewers/Civil Service Exam/Civil Service Exam Reviewer 2026/ABSTRACT REASONING 2026/Abstract Reasoning 3.pdf,10,3,"Abstract Reasoning Test 3, Question 10. Which figure completes the statement?",Figure A,Figure B,Figure C,Figure D,,D,Answer key from source: D.,Both,Abstract Reasoning,analogies,3,Yes,cse_abstract_2026_psychometric_test3_q10.png,/Users/lyndon/reviewnatin/output/pdf/cse_abstract_reasoning_2026_images/cse_abstract_2026_psychometric_test3_q10.png,Ready for Upload,Psychometric Success abstract reasoning item. Question-specific crop includes the diagram and answer figures.
61,Abstract Reasoning 3.pdf,/Users/lyndon/All reviewers/Civil Service Exam/Civil Service Exam Reviewer 2026/ABSTRACT REASONING 2026/Abstract Reasoning 3.pdf,11,3,"Abstract Reasoning Test 3, Question 11. Which figure is the odd one out?",Figure A,Figure B,Figure C,Figure D,Figure E,A,Answer key from source: A.,Both,Abstract Reasoning,odd-one-out,2,Yes,cse_abstract_2026_psychometric_test3_q11.png,/Users/lyndon/reviewnatin/output/pdf/cse_abstract_reasoning_2026_images/cse_abstract_2026_psychometric_test3_q11.png,Ready for Upload,Psychometric Success abstract reasoning item. Question-specific crop includes the diagram and answer figures.
62,Abstract Reasoning 3.pdf,/Users/lyndon/All reviewers/Civil Service Exam/Civil Service Exam Reviewer 2026/ABSTRACT REASONING 2026/Abstract Reasoning 3.pdf,12,3,"Abstract Reasoning Test 3, Question 12. Which figure is the odd one out?",Figure A,Figure B,Figure C,Figure D,Figure E,B,Answer key from source: B.,Both,Abstract Reasoning,odd-one-out,2,Yes,cse_abstract_2026_psychometric_test3_q12.png,/Users/lyndon/reviewnatin/output/pdf/cse_abstract_reasoning_2026_images/cse_abstract_2026_psychometric_test3_q12.png,Ready for Upload,Psychometric Success abstract reasoning item. Question-specific crop includes the diagram and answer figures.
63,Abstract Reasoning 3.pdf,/Users/lyndon/All reviewers/Civil Service Exam/Civil Service Exam Reviewer 2026/ABSTRACT REASONING 2026/Abstract Reasoning 3.pdf,13,3,"Abstract Reasoning Test 3, Question 13. Which figure is the odd one out?",Figure A,Figure B,Figure C,Figure D,Figure E,E,Answer key from source: E.,Both,Abstract Reasoning,odd-one-out,2,Yes,cse_abstract_2026_psychometric_test3_q13.png,/Users/lyndon/reviewnatin/output/pdf/cse_abstract_reasoning_2026_images/cse_abstract_2026_psychometric_test3_q13.png,Ready for Upload,Psychometric Success abstract reasoning item. Question-specific crop includes the diagram and answer figures.
64,Abstract Reasoning 3.pdf,/Users/lyndon/All reviewers/Civil Service Exam/Civil Service Exam Reviewer 2026/ABSTRACT REASONING 2026/Abstract Reasoning 3.pdf,14,3,"Abstract Reasoning Test 3, Question 14. Which figure is the odd one out?",Figure A,Figure B,Figure C,Figure D,Figure E,C,Answer key from source: C.,Both,Abstract Reasoning,odd-one-out,2,Yes,cse_abstract_2026_psychometric_test3_q14.png,/Users/lyndon/reviewnatin/output/pdf/cse_abstract_reasoning_2026_images/cse_abstract_2026_psychometric_test3_q14.png,Ready for Upload,Psychometric Success abstract reasoning item. Question-specific crop includes the diagram and answer figures.
65,Abstract Reasoning 3.pdf,/Users/lyndon/All reviewers/Civil Service Exam/Civil Service Exam Reviewer 2026/ABSTRACT REASONING 2026/Abstract Reasoning 3.pdf,15,4,"Abstract Reasoning Test 3, Question 15. Which figure is the odd one out?",Figure A,Figure B,Figure C,Figure D,Figure E,D,Answer key from source: D.,Both,Abstract Reasoning,odd-one-out,2,Yes,cse_abstract_2026_psychometric_test3_q15.png,/Users/lyndon/reviewnatin/output/pdf/cse_abstract_reasoning_2026_images/cse_abstract_2026_psychometric_test3_q15.png,Ready for Upload,Psychometric Success abstract reasoning item. Question-specific crop includes the diagram and answer figures.
66,Abstract Reasoning 3.pdf,/Users/lyndon/All reviewers/Civil Service Exam/Civil Service Exam Reviewer 2026/ABSTRACT REASONING 2026/Abstract Reasoning 3.pdf,16,4,"Abstract Reasoning Test 3, Question 16. Which figure completes the series?",Figure A,Figure B,Figure C,Figure D,,B,Answer key from source: B.,Both,Abstract Reasoning,series-completion,2,Yes,cse_abstract_2026_psychometric_test3_q16.png,/Users/lyndon/reviewnatin/output/pdf/cse_abstract_reasoning_2026_images/cse_abstract_2026_psychometric_test3_q16.png,Ready for Upload,Psychometric Success abstract reasoning item. Question-specific crop includes the diagram and answer figures.
67,Abstract Reasoning 3.pdf,/Users/lyndon/All reviewers/Civil Service Exam/Civil Service Exam Reviewer 2026/ABSTRACT REASONING 2026/Abstract Reasoning 3.pdf,17,4,"Abstract Reasoning Test 3, Question 17. Which figure completes the series?",Figure A,Figure B,Figure C,Figure D,,A,Answer key from source: A.,Both,Abstract Reasoning,series-completion,2,Yes,cse_abstract_2026_psychometric_test3_q17.png,/Users/lyndon/reviewnatin/output/pdf/cse_abstract_reasoning_2026_images/cse_abstract_2026_psychometric_test3_q17.png,Ready for Upload,Psychometric Success abstract reasoning item. Question-specific crop includes the diagram and answer figures.
68,Abstract Reasoning 3.pdf,/Users/lyndon/All reviewers/Civil Service Exam/Civil Service Exam Reviewer 2026/ABSTRACT REASONING 2026/Abstract Reasoning 3.pdf,18,5,"Abstract Reasoning Test 3, Question 18. Which figure belongs in neither group?",Figure A,Figure B,Figure C,Figure D,,C,Answer key from source: C.,Both,Abstract Reasoning,odd-one-out,2,Yes,cse_abstract_2026_psychometric_test3_q18.png,/Users/lyndon/reviewnatin/output/pdf/cse_abstract_reasoning_2026_images/cse_abstract_2026_psychometric_test3_q18.png,Ready for Upload,Psychometric Success abstract reasoning item. Question-specific crop includes the diagram and answer figures.
69,Abstract Reasoning 3.pdf,/Users/lyndon/All reviewers/Civil Service Exam/Civil Service Exam Reviewer 2026/ABSTRACT REASONING 2026/Abstract Reasoning 3.pdf,19,5,"Abstract Reasoning Test 3, Question 19. Which figure belongs in neither group?",Figure A,Figure B,Figure C,Figure D,,A,Answer key from source: A.,Both,Abstract Reasoning,odd-one-out,2,Yes,cse_abstract_2026_psychometric_test3_q19.png,/Users/lyndon/reviewnatin/output/pdf/cse_abstract_reasoning_2026_images/cse_abstract_2026_psychometric_test3_q19.png,Ready for Upload,Psychometric Success abstract reasoning item. Question-specific crop includes the diagram and answer figures.
70,Abstract Reasoning 3.pdf,/Users/lyndon/All reviewers/Civil Service Exam/Civil Service Exam Reviewer 2026/ABSTRACT REASONING 2026/Abstract Reasoning 3.pdf,20,5,"Abstract Reasoning Test 3, Question 20. Which figure is next in the series?",Figure A,Figure B,Figure C,Figure D,,D,Answer key from source: D.,Both,Abstract Reasoning,series-completion,2,Yes,cse_abstract_2026_psychometric_test3_q20.png,/Users/lyndon/reviewnatin/output/pdf/cse_abstract_reasoning_2026_images/cse_abstract_2026_psychometric_test3_q20.png,Ready for Upload,Psychometric Success abstract reasoning item. Question-specific crop includes the diagram and answer figures.
71,Abstract Reasoning 3.pdf,/Users/lyndon/All reviewers/Civil Service Exam/Civil Service Exam Reviewer 2026/ABSTRACT REASONING 2026/Abstract Reasoning 3.pdf,21,6,"Abstract Reasoning Test 3, Question 21. Which figure is next in the series?",Figure A,Figure B,Figure C,Figure D,,B,Answer key from source: B.,Both,Abstract Reasoning,series-completion,2,Yes,cse_abstract_2026_psychometric_test3_q21.png,/Users/lyndon/reviewnatin/output/pdf/cse_abstract_reasoning_2026_images/cse_abstract_2026_psychometric_test3_q21.png,Ready for Upload,Psychometric Success abstract reasoning item. Question-specific crop includes the diagram and answer figures.
72,Abstract Reasoning 3.pdf,/Users/lyndon/All reviewers/Civil Service Exam/Civil Service Exam Reviewer 2026/ABSTRACT REASONING 2026/Abstract Reasoning 3.pdf,22,6,"Abstract Reasoning Test 3, Question 22. Which figure completes the grid?",Figure A,Figure B,Figure C,Figure D,,C,Answer key from source: C.,Both,Abstract Reasoning,pattern-completion,2,Yes,cse_abstract_2026_psychometric_test3_q22.png,/Users/lyndon/reviewnatin/output/pdf/cse_abstract_reasoning_2026_images/cse_abstract_2026_psychometric_test3_q22.png,Ready for Upload,Psychometric Success abstract reasoning item. Question-specific crop includes the diagram and answer figures.
73,Abstract Reasoning 3.pdf,/Users/lyndon/All reviewers/Civil Service Exam/Civil Service Exam Reviewer 2026/ABSTRACT REASONING 2026/Abstract Reasoning 3.pdf,23,6,"Abstract Reasoning Test 3, Question 23. Which figure completes the grid?",Figure A,Figure B,Figure C,Figure D,,D,Answer key from source: D.,Both,Abstract Reasoning,pattern-completion,2,Yes,cse_abstract_2026_psychometric_test3_q23.png,/Users/lyndon/reviewnatin/output/pdf/cse_abstract_reasoning_2026_images/cse_abstract_2026_psychometric_test3_q23.png,Ready for Upload,Psychometric Success abstract reasoning item. Question-specific crop includes the diagram and answer figures.
74,Abstract Reasoning 3.pdf,/Users/lyndon/All reviewers/Civil Service Exam/Civil Service Exam Reviewer 2026/ABSTRACT REASONING 2026/Abstract Reasoning 3.pdf,24,7,"Abstract Reasoning Test 3, Question 24. Which figure is the odd one out?",Figure A,Figure B,Figure C,Figure D,Figure E,C,Answer key from source: C.,Both,Abstract Reasoning,odd-one-out,2,Yes,cse_abstract_2026_psychometric_test3_q24.png,/Users/lyndon/reviewnatin/output/pdf/cse_abstract_reasoning_2026_images/cse_abstract_2026_psychometric_test3_q24.png,Ready for Upload,Psychometric Success abstract reasoning item. Question-specific crop includes the diagram and answer figures.
75,Abstract Reasoning 3.pdf,/Users/lyndon/All reviewers/Civil Service Exam/Civil Service Exam Reviewer 2026/ABSTRACT REASONING 2026/Abstract Reasoning 3.pdf,25,7,"Abstract Reasoning Test 3, Question 25. Which figure is the odd one out?",Figure A,Figure B,Figure C,Figure D,Figure E,E,Answer key from source: E.,Both,Abstract Reasoning,odd-one-out,2,Yes,cse_abstract_2026_psychometric_test3_q25.png,/Users/lyndon/reviewnatin/output/pdf/cse_abstract_reasoning_2026_images/cse_abstract_2026_psychometric_test3_q25.png,Ready for Upload,Psychometric Success abstract reasoning item. Question-specific crop includes the diagram and answer figures.
76,Abstract Reasoning 4.pdf,/Users/lyndon/All reviewers/Civil Service Exam/Civil Service Exam Reviewer 2026/ABSTRACT REASONING 2026/Abstract Reasoning 4.pdf,1,1,"Abstract Reasoning Test 4, Question 1. Which figure completes the series?",Figure A,Figure B,Figure C,Figure D,,D,Answer key from source: D.,Both,Abstract Reasoning,series-completion,2,Yes,cse_abstract_2026_psychometric_test4_q01.png,/Users/lyndon/reviewnatin/output/pdf/cse_abstract_reasoning_2026_images/cse_abstract_2026_psychometric_test4_q01.png,Ready for Upload,Psychometric Success abstract reasoning item. Question-specific crop includes the diagram and answer figures.
77,Abstract Reasoning 4.pdf,/Users/lyndon/All reviewers/Civil Service Exam/Civil Service Exam Reviewer 2026/ABSTRACT REASONING 2026/Abstract Reasoning 4.pdf,2,1,"Abstract Reasoning Test 4, Question 2. Which figure completes the series?",Figure A,Figure B,Figure C,Figure D,,B,Answer key from source: B.,Both,Abstract Reasoning,series-completion,2,Yes,cse_abstract_2026_psychometric_test4_q02.png,/Users/lyndon/reviewnatin/output/pdf/cse_abstract_reasoning_2026_images/cse_abstract_2026_psychometric_test4_q02.png,Ready for Upload,Psychometric Success abstract reasoning item. Question-specific crop includes the diagram and answer figures.
78,Abstract Reasoning 4.pdf,/Users/lyndon/All reviewers/Civil Service Exam/Civil Service Exam Reviewer 2026/ABSTRACT REASONING 2026/Abstract Reasoning 4.pdf,3,1,"Abstract Reasoning Test 4, Question 3. Which figure completes the series?",Figure A,Figure B,Figure C,Figure D,,C,Answer key from source: C.,Both,Abstract Reasoning,series-completion,2,Yes,cse_abstract_2026_psychometric_test4_q03.png,/Users/lyndon/reviewnatin/output/pdf/cse_abstract_reasoning_2026_images/cse_abstract_2026_psychometric_test4_q03.png,Ready for Upload,Psychometric Success abstract reasoning item. Question-specific crop includes the diagram and answer figures.
79,Abstract Reasoning 4.pdf,/Users/lyndon/All reviewers/Civil Service Exam/Civil Service Exam Reviewer 2026/ABSTRACT REASONING 2026/Abstract Reasoning 4.pdf,4,1,"Abstract Reasoning Test 4, Question 4. Which figure completes the series?",Figure A,Figure B,Figure C,Figure D,,C,Answer key from source: C.,Both,Abstract Reasoning,series-completion,2,Yes,cse_abstract_2026_psychometric_test4_q04.png,/Users/lyndon/reviewnatin/output/pdf/cse_abstract_reasoning_2026_images/cse_abstract_2026_psychometric_test4_q04.png,Ready for Upload,Psychometric Success abstract reasoning item. Question-specific crop includes the diagram and answer figures.
80,Abstract Reasoning 4.pdf,/Users/lyndon/All reviewers/Civil Service Exam/Civil Service Exam Reviewer 2026/ABSTRACT REASONING 2026/Abstract Reasoning 4.pdf,5,1,"Abstract Reasoning Test 4, Question 5. Which figure completes the series?",Figure A,Figure B,Figure C,Figure D,,A,Answer key from source: A.,Both,Abstract Reasoning,series-completion,2,Yes,cse_abstract_2026_psychometric_test4_q05.png,/Users/lyndon/reviewnatin/output/pdf/cse_abstract_reasoning_2026_images/cse_abstract_2026_psychometric_test4_q05.png,Ready for Upload,Psychometric Success abstract reasoning item. Question-specific crop includes the diagram and answer figures.
81,Abstract Reasoning 4.pdf,/Users/lyndon/All reviewers/Civil Service Exam/Civil Service Exam Reviewer 2026/ABSTRACT REASONING 2026/Abstract Reasoning 4.pdf,6,2,"Abstract Reasoning Test 4, Question 6. Which figure completes the statement?",Figure A,Figure B,Figure C,Figure D,,B,Answer key from source: B.,Both,Abstract Reasoning,analogies,3,Yes,cse_abstract_2026_psychometric_test4_q06.png,/Users/lyndon/reviewnatin/output/pdf/cse_abstract_reasoning_2026_images/cse_abstract_2026_psychometric_test4_q06.png,Ready for Upload,Psychometric Success abstract reasoning item. Question-specific crop includes the diagram and answer figures.
82,Abstract Reasoning 4.pdf,/Users/lyndon/All reviewers/Civil Service Exam/Civil Service Exam Reviewer 2026/ABSTRACT REASONING 2026/Abstract Reasoning 4.pdf,7,2,"Abstract Reasoning Test 4, Question 7. Which figure completes the statement?",Figure A,Figure B,Figure C,Figure D,,D,Answer key from source: D.,Both,Abstract Reasoning,analogies,3,Yes,cse_abstract_2026_psychometric_test4_q07.png,/Users/lyndon/reviewnatin/output/pdf/cse_abstract_reasoning_2026_images/cse_abstract_2026_psychometric_test4_q07.png,Ready for Upload,Psychometric Success abstract reasoning item. Question-specific crop includes the diagram and answer figures.
83,Abstract Reasoning 4.pdf,/Users/lyndon/All reviewers/Civil Service Exam/Civil Service Exam Reviewer 2026/ABSTRACT REASONING 2026/Abstract Reasoning 4.pdf,8,2,"Abstract Reasoning Test 4, Question 8. Which figure completes the statement?",Figure A,Figure B,Figure C,Figure D,,B,Answer key from source: B.,Both,Abstract Reasoning,analogies,3,Yes,cse_abstract_2026_psychometric_test4_q08.png,/Users/lyndon/reviewnatin/output/pdf/cse_abstract_reasoning_2026_images/cse_abstract_2026_psychometric_test4_q08.png,Ready for Upload,Psychometric Success abstract reasoning item. Question-specific crop includes the diagram and answer figures.
84,Abstract Reasoning 4.pdf,/Users/lyndon/All reviewers/Civil Service Exam/Civil Service Exam Reviewer 2026/ABSTRACT REASONING 2026/Abstract Reasoning 4.pdf,9,2,"Abstract Reasoning Test 4, Question 9. Which figure completes the statement?",Figure A,Figure B,Figure C,Figure D,,C,Answer key from source: C.,Both,Abstract Reasoning,analogies,3,Yes,cse_abstract_2026_psychometric_test4_q09.png,/Users/lyndon/reviewnatin/output/pdf/cse_abstract_reasoning_2026_images/cse_abstract_2026_psychometric_test4_q09.png,Ready for Upload,Psychometric Success abstract reasoning item. Question-specific crop includes the diagram and answer figures.
85,Abstract Reasoning 4.pdf,/Users/lyndon/All reviewers/Civil Service Exam/Civil Service Exam Reviewer 2026/ABSTRACT REASONING 2026/Abstract Reasoning 4.pdf,10,3,"Abstract Reasoning Test 4, Question 10. Which figure completes the statement?",Figure A,Figure B,Figure C,Figure D,,D,Answer key from source: D.,Both,Abstract Reasoning,analogies,3,Yes,cse_abstract_2026_psychometric_test4_q10.png,/Users/lyndon/reviewnatin/output/pdf/cse_abstract_reasoning_2026_images/cse_abstract_2026_psychometric_test4_q10.png,Ready for Upload,Psychometric Success abstract reasoning item. Question-specific crop includes the diagram and answer figures.
86,Abstract Reasoning 4.pdf,/Users/lyndon/All reviewers/Civil Service Exam/Civil Service Exam Reviewer 2026/ABSTRACT REASONING 2026/Abstract Reasoning 4.pdf,11,3,"Abstract Reasoning Test 4, Question 11. Which figure is the odd one out?",Figure A,Figure B,Figure C,Figure D,Figure E,B,Answer key from source: B.,Both,Abstract Reasoning,odd-one-out,2,Yes,cse_abstract_2026_psychometric_test4_q11.png,/Users/lyndon/reviewnatin/output/pdf/cse_abstract_reasoning_2026_images/cse_abstract_2026_psychometric_test4_q11.png,Ready for Upload,Psychometric Success abstract reasoning item. Question-specific crop includes the diagram and answer figures.
87,Abstract Reasoning 4.pdf,/Users/lyndon/All reviewers/Civil Service Exam/Civil Service Exam Reviewer 2026/ABSTRACT REASONING 2026/Abstract Reasoning 4.pdf,12,3,"Abstract Reasoning Test 4, Question 12. Which figure is the odd one out?",Figure A,Figure B,Figure C,Figure D,Figure E,D,Answer key from source: D.,Both,Abstract Reasoning,odd-one-out,2,Yes,cse_abstract_2026_psychometric_test4_q12.png,/Users/lyndon/reviewnatin/output/pdf/cse_abstract_reasoning_2026_images/cse_abstract_2026_psychometric_test4_q12.png,Ready for Upload,Psychometric Success abstract reasoning item. Question-specific crop includes the diagram and answer figures.
88,Abstract Reasoning 4.pdf,/Users/lyndon/All reviewers/Civil Service Exam/Civil Service Exam Reviewer 2026/ABSTRACT REASONING 2026/Abstract Reasoning 4.pdf,13,3,"Abstract Reasoning Test 4, Question 13. Which figure is the odd one out?",Figure A,Figure B,Figure C,Figure D,Figure E,A,Answer key from source: A.,Both,Abstract Reasoning,odd-one-out,2,Yes,cse_abstract_2026_psychometric_test4_q13.png,/Users/lyndon/reviewnatin/output/pdf/cse_abstract_reasoning_2026_images/cse_abstract_2026_psychometric_test4_q13.png,Ready for Upload,Psychometric Success abstract reasoning item. Question-specific crop includes the diagram and answer figures.
89,Abstract Reasoning 4.pdf,/Users/lyndon/All reviewers/Civil Service Exam/Civil Service Exam Reviewer 2026/ABSTRACT REASONING 2026/Abstract Reasoning 4.pdf,14,3,"Abstract Reasoning Test 4, Question 14. Which figure is the odd one out?",Figure A,Figure B,Figure C,Figure D,Figure E,D,Answer key from source: D.,Both,Abstract Reasoning,odd-one-out,2,Yes,cse_abstract_2026_psychometric_test4_q14.png,/Users/lyndon/reviewnatin/output/pdf/cse_abstract_reasoning_2026_images/cse_abstract_2026_psychometric_test4_q14.png,Ready for Upload,Psychometric Success abstract reasoning item. Question-specific crop includes the diagram and answer figures.
90,Abstract Reasoning 4.pdf,/Users/lyndon/All reviewers/Civil Service Exam/Civil Service Exam Reviewer 2026/ABSTRACT REASONING 2026/Abstract Reasoning 4.pdf,15,4,"Abstract Reasoning Test 4, Question 15. Which figure is the odd one out?",Figure A,Figure B,Figure C,Figure D,Figure E,E,Answer key from source: E.,Both,Abstract Reasoning,odd-one-out,2,Yes,cse_abstract_2026_psychometric_test4_q15.png,/Users/lyndon/reviewnatin/output/pdf/cse_abstract_reasoning_2026_images/cse_abstract_2026_psychometric_test4_q15.png,Ready for Upload,Psychometric Success abstract reasoning item. Question-specific crop includes the diagram and answer figures.
91,Abstract Reasoning 4.pdf,/Users/lyndon/All reviewers/Civil Service Exam/Civil Service Exam Reviewer 2026/ABSTRACT REASONING 2026/Abstract Reasoning 4.pdf,16,4,"Abstract Reasoning Test 4, Question 16. Which figure completes the series?",Figure A,Figure B,Figure C,Figure D,,B,Answer key from source: B.,Both,Abstract Reasoning,series-completion,2,Yes,cse_abstract_2026_psychometric_test4_q16.png,/Users/lyndon/reviewnatin/output/pdf/cse_abstract_reasoning_2026_images/cse_abstract_2026_psychometric_test4_q16.png,Ready for Upload,Psychometric Success abstract reasoning item. Question-specific crop includes the diagram and answer figures.
92,Abstract Reasoning 4.pdf,/Users/lyndon/All reviewers/Civil Service Exam/Civil Service Exam Reviewer 2026/ABSTRACT REASONING 2026/Abstract Reasoning 4.pdf,17,4,"Abstract Reasoning Test 4, Question 17. Which figure completes the series?",Figure A,Figure B,Figure C,Figure D,,C,Answer key from source: C.,Both,Abstract Reasoning,series-completion,2,Yes,cse_abstract_2026_psychometric_test4_q17.png,/Users/lyndon/reviewnatin/output/pdf/cse_abstract_reasoning_2026_images/cse_abstract_2026_psychometric_test4_q17.png,Ready for Upload,Psychometric Success abstract reasoning item. Question-specific crop includes the diagram and answer figures.
93,Abstract Reasoning 4.pdf,/Users/lyndon/All reviewers/Civil Service Exam/Civil Service Exam Reviewer 2026/ABSTRACT REASONING 2026/Abstract Reasoning 4.pdf,18,5,"Abstract Reasoning Test 4, Question 18. Which figure belongs in neither group?",Figure A,Figure B,Figure C,Figure D,,B,Answer key from source: B.,Both,Abstract Reasoning,odd-one-out,2,Yes,cse_abstract_2026_psychometric_test4_q18.png,/Users/lyndon/reviewnatin/output/pdf/cse_abstract_reasoning_2026_images/cse_abstract_2026_psychometric_test4_q18.png,Ready for Upload,Psychometric Success abstract reasoning item. Question-specific crop includes the diagram and answer figures.
94,Abstract Reasoning 4.pdf,/Users/lyndon/All reviewers/Civil Service Exam/Civil Service Exam Reviewer 2026/ABSTRACT REASONING 2026/Abstract Reasoning 4.pdf,19,5,"Abstract Reasoning Test 4, Question 19. Which figure belongs in neither group?",Figure A,Figure B,Figure C,Figure D,,D,Answer key from source: D.,Both,Abstract Reasoning,odd-one-out,2,Yes,cse_abstract_2026_psychometric_test4_q19.png,/Users/lyndon/reviewnatin/output/pdf/cse_abstract_reasoning_2026_images/cse_abstract_2026_psychometric_test4_q19.png,Ready for Upload,Psychometric Success abstract reasoning item. Question-specific crop includes the diagram and answer figures.
95,Abstract Reasoning 4.pdf,/Users/lyndon/All reviewers/Civil Service Exam/Civil Service Exam Reviewer 2026/ABSTRACT REASONING 2026/Abstract Reasoning 4.pdf,20,5,"Abstract Reasoning Test 4, Question 20. Which figure is next in the series?",Figure A,Figure B,Figure C,Figure D,,D,Answer key from source: D.,Both,Abstract Reasoning,series-completion,2,Yes,cse_abstract_2026_psychometric_test4_q20.png,/Users/lyndon/reviewnatin/output/pdf/cse_abstract_reasoning_2026_images/cse_abstract_2026_psychometric_test4_q20.png,Ready for Upload,Psychometric Success abstract reasoning item. Question-specific crop includes the diagram and answer figures.
96,Abstract Reasoning 4.pdf,/Users/lyndon/All reviewers/Civil Service Exam/Civil Service Exam Reviewer 2026/ABSTRACT REASONING 2026/Abstract Reasoning 4.pdf,21,6,"Abstract Reasoning Test 4, Question 21. Which figure is next in the series?",Figure A,Figure B,Figure C,Figure D,,A,Answer key from source: A.,Both,Abstract Reasoning,series-completion,2,Yes,cse_abstract_2026_psychometric_test4_q21.png,/Users/lyndon/reviewnatin/output/pdf/cse_abstract_reasoning_2026_images/cse_abstract_2026_psychometric_test4_q21.png,Ready for Upload,Psychometric Success abstract reasoning item. Question-specific crop includes the diagram and answer figures.
97,Abstract Reasoning 4.pdf,/Users/lyndon/All reviewers/Civil Service Exam/Civil Service Exam Reviewer 2026/ABSTRACT REASONING 2026/Abstract Reasoning 4.pdf,22,6,"Abstract Reasoning Test 4, Question 22. Which figure completes the grid?",Figure A,Figure B,Figure C,Figure D,,C,Answer key from source: C.,Both,Abstract Reasoning,pattern-completion,2,Yes,cse_abstract_2026_psychometric_test4_q22.png,/Users/lyndon/reviewnatin/output/pdf/cse_abstract_reasoning_2026_images/cse_abstract_2026_psychometric_test4_q22.png,Ready for Upload,Psychometric Success abstract reasoning item. Question-specific crop includes the diagram and answer figures.
98,Abstract Reasoning 4.pdf,/Users/lyndon/All reviewers/Civil Service Exam/Civil Service Exam Reviewer 2026/ABSTRACT REASONING 2026/Abstract Reasoning 4.pdf,23,6,"Abstract Reasoning Test 4, Question 23. Which figure completes the grid?",Figure A,Figure B,Figure C,Figure D,,B,Answer key from source: B.,Both,Abstract Reasoning,pattern-completion,2,Yes,cse_abstract_2026_psychometric_test4_q23.png,/Users/lyndon/reviewnatin/output/pdf/cse_abstract_reasoning_2026_images/cse_abstract_2026_psychometric_test4_q23.png,Ready for Upload,Psychometric Success abstract reasoning item. Question-specific crop includes the diagram and answer figures.
99,Abstract Reasoning 4.pdf,/Users/lyndon/All reviewers/Civil Service Exam/Civil Service Exam Reviewer 2026/ABSTRACT REASONING 2026/Abstract Reasoning 4.pdf,24,7,"Abstract Reasoning Test 4, Question 24. Which figure is the odd one out?",Figure A,Figure B,Figure C,Figure D,Figure E,C,Answer key from source: C.,Both,Abstract Reasoning,odd-one-out,2,Yes,cse_abstract_2026_psychometric_test4_q24.png,/Users/lyndon/reviewnatin/output/pdf/cse_abstract_reasoning_2026_images/cse_abstract_2026_psychometric_test4_q24.png,Ready for Upload,Psychometric Success abstract reasoning item. Question-specific crop includes the diagram and answer figures.
100,Abstract Reasoning 4.pdf,/Users/lyndon/All reviewers/Civil Service Exam/Civil Service Exam Reviewer 2026/ABSTRACT REASONING 2026/Abstract Reasoning 4.pdf,25,7,"Abstract Reasoning Test 4, Question 25. Which figure is the odd one out?",Figure A,Figure B,Figure C,Figure D,Figure E,B,Answer key from source: B.,Both,Abstract Reasoning,odd-one-out,2,Yes,cse_abstract_2026_psychometric_test4_q25.png,/Users/lyndon/reviewnatin/output/pdf/cse_abstract_reasoning_2026_images/cse_abstract_2026_psychometric_test4_q25.png,Ready for Upload,Psychometric Success abstract reasoning item. Question-specific crop includes the diagram and answer figures.
101,Abstract Reasoning 5.pdf,/Users/lyndon/All reviewers/Civil Service Exam/Civil Service Exam Reviewer 2026/ABSTRACT REASONING 2026/Abstract Reasoning 5.pdf,1,1,Abstract Reasoning Practice Question 1. Select the correct option shown in the image.,1,2,3,4,,D,Look for opposites in this series of figures. The first and second segments are opposites of each other. The same is true for the third and fourth segments.,Both,Abstract Reasoning,series-completion,2,Yes,cse_abstract_2026_intellmed_q01.png,/Users/lyndon/reviewnatin/output/pdf/cse_abstract_reasoning_2026_images/cse_abstract_2026_intellmed_q01.png,Ready for Upload,Intellmed abstract reasoning item. The source uses visual prompts with text choices and answer explanations.
102,Abstract Reasoning 5.pdf,/Users/lyndon/All reviewers/Civil Service Exam/Civil Service Exam Reviewer 2026/ABSTRACT REASONING 2026/Abstract Reasoning 5.pdf,2,1,Abstract Reasoning Practice Question 2. Select the correct option shown in the image.,1,2,3,4,,D,This is an alternating series. The first and third segments are repeated. The second segment is simply upside down.,Both,Abstract Reasoning,series-completion,2,Yes,cse_abstract_2026_intellmed_q02.png,/Users/lyndon/reviewnatin/output/pdf/cse_abstract_reasoning_2026_images/cse_abstract_2026_intellmed_q02.png,Ready for Upload,Intellmed abstract reasoning item. The source uses visual prompts with text choices and answer explanations.
103,Abstract Reasoning 5.pdf,/Users/lyndon/All reviewers/Civil Service Exam/Civil Service Exam Reviewer 2026/ABSTRACT REASONING 2026/Abstract Reasoning 5.pdf,3,1,Abstract Reasoning Practice Question 3. Select the correct option shown in the image.,1,2,3,4,,A,"In this series, the figures increase the amount of shading by one-fourth and, once a square is completely shaded, start over with an unshaded square. In the second segment, you will notice that the figure goes from completely shaded to completely unshaded. This is why choice a is the correct choice.",Both,Abstract Reasoning,series-completion,2,Yes,cse_abstract_2026_intellmed_q03.png,/Users/lyndon/reviewnatin/output/pdf/cse_abstract_reasoning_2026_images/cse_abstract_2026_intellmed_q03.png,Ready for Upload,Intellmed abstract reasoning item. The source uses visual prompts with text choices and answer explanations.
104,Abstract Reasoning 5.pdf,/Users/lyndon/All reviewers/Civil Service Exam/Civil Service Exam Reviewer 2026/ABSTRACT REASONING 2026/Abstract Reasoning 5.pdf,4,2,Abstract Reasoning Practice Question 4. Select the correct option shown in the image.,1,2,3,4,,B,"Each arrow in this continuing series moves a few degrees in a clockwise direction. Think of these arrows as the big hand on a clock. The first arrow is at noon. The last arrow before the blank would be 12:40. Choice b, the correct answer, is at 12:45.",Both,Abstract Reasoning,series-completion,2,Yes,cse_abstract_2026_intellmed_q04.png,/Users/lyndon/reviewnatin/output/pdf/cse_abstract_reasoning_2026_images/cse_abstract_2026_intellmed_q04.png,Ready for Upload,Intellmed abstract reasoning item. The source uses visual prompts with text choices and answer explanations.
105,Abstract Reasoning 5.pdf,/Users/lyndon/All reviewers/Civil Service Exam/Civil Service Exam Reviewer 2026/ABSTRACT REASONING 2026/Abstract Reasoning 5.pdf,5,2,Abstract Reasoning Practice Question 5. Select the correct option shown in the image.,1,2,3,4,,A,"Look at each segment. You will notice that in each, the figure on the right and the figure on the left are the same; the figure in between is different. To continue this pattern in the last segment, the diamond on the left will be repeated on the right. Choice a is the only possible answer.",Both,Abstract Reasoning,series-completion,2,Yes,cse_abstract_2026_intellmed_q05.png,/Users/lyndon/reviewnatin/output/pdf/cse_abstract_reasoning_2026_images/cse_abstract_2026_intellmed_q05.png,Ready for Upload,Intellmed abstract reasoning item. The source uses visual prompts with text choices and answer explanations.
106,Abstract Reasoning 5.pdf,/Users/lyndon/All reviewers/Civil Service Exam/Civil Service Exam Reviewer 2026/ABSTRACT REASONING 2026/Abstract Reasoning 5.pdf,6,2,Abstract Reasoning Practice Question 6. Select the correct option shown in the image.,A,B,C,D,,C,The white triangles are changed to black rectangles and are “folded in” to form the shape.,Both,Abstract Reasoning,pattern-completion,2,Yes,cse_abstract_2026_intellmed_q06.png,/Users/lyndon/reviewnatin/output/pdf/cse_abstract_reasoning_2026_images/cse_abstract_2026_intellmed_q06.png,Ready for Upload,Intellmed abstract reasoning item. The source uses visual prompts with text choices and answer explanations.
107,Abstract Reasoning 5.pdf,/Users/lyndon/All reviewers/Civil Service Exam/Civil Service Exam Reviewer 2026/ABSTRACT REASONING 2026/Abstract Reasoning 5.pdf,7,3,Abstract Reasoning Practice Question 7. Select the correct option shown in the image.,A,B,C,D,,A,The white square travels along the corners of the pentagon two corners counter-clockwise while the black square travels two corners clockwise.,Both,Abstract Reasoning,pattern-completion,2,Yes,cse_abstract_2026_intellmed_q07.png,/Users/lyndon/reviewnatin/output/pdf/cse_abstract_reasoning_2026_images/cse_abstract_2026_intellmed_q07.png,Ready for Upload,Intellmed abstract reasoning item. The source uses visual prompts with text choices and answer explanations.
108,Abstract Reasoning 5.pdf,/Users/lyndon/All reviewers/Civil Service Exam/Civil Service Exam Reviewer 2026/ABSTRACT REASONING 2026/Abstract Reasoning 5.pdf,8,3,Abstract Reasoning Practice Question 8. Select the correct option shown in the image.,1,2,3,4,,C,"All four segments use the same figures: two squares, one circle, and one triangle. In the first segment, the squares are on the outside of the circle and triangle. In the second segment, the squares are below the other two. In the third segment, the squares on are the inside. In the fourth segment, the squares are above the triangle and circle. 6 3rd Floor Ma. Cristina Building 1, Fuente Osmeña Circle, Cebu City, 6000 (+63) (32) 520-7739 or (+63) 922-945-7182 | hr@intellmed.ph | www.intellmed.ph | www.facebook.com/intellmed",Both,Abstract Reasoning,series-completion,2,Yes,cse_abstract_2026_intellmed_q08.png,/Users/lyndon/reviewnatin/output/pdf/cse_abstract_reasoning_2026_images/cse_abstract_2026_intellmed_q08.png,Ready for Upload,Intellmed abstract reasoning item. The source uses visual prompts with text choices and answer explanations.
109,Abstract Reasoning 5.pdf,/Users/lyndon/All reviewers/Civil Service Exam/Civil Service Exam Reviewer 2026/ABSTRACT REASONING 2026/Abstract Reasoning 5.pdf,9,3,Abstract Reasoning Practice Question 9. Select the correct option shown in the image.,1,2,3,4,5,C,"Except for the dots, the remaining part of the figure rotates through 180o and shifts to the opposite side of the square boundary.",Both,Abstract Reasoning,series-completion,2,Yes,cse_abstract_2026_intellmed_q09.png,/Users/lyndon/reviewnatin/output/pdf/cse_abstract_reasoning_2026_images/cse_abstract_2026_intellmed_q09.png,Ready for Upload,Intellmed abstract reasoning item. The source uses visual prompts with text choices and answer explanations.
110,Abstract Reasoning 5.pdf,/Users/lyndon/All reviewers/Civil Service Exam/Civil Service Exam Reviewer 2026/ABSTRACT REASONING 2026/Abstract Reasoning 5.pdf,10,4,Abstract Reasoning Practice Question 10. Select the correct option shown in the image.,1,2,3,4,5,C,The line segment moves four spaces ACW and the dot moves three spaces counter-clockwise.,Both,Abstract Reasoning,series-completion,2,Yes,cse_abstract_2026_intellmed_q10.png,/Users/lyndon/reviewnatin/output/pdf/cse_abstract_reasoning_2026_images/cse_abstract_2026_intellmed_q10.png,Ready for Upload,Intellmed abstract reasoning item. The source uses visual prompts with text choices and answer explanations.
111,Abstract Reasoning 5.pdf,/Users/lyndon/All reviewers/Civil Service Exam/Civil Service Exam Reviewer 2026/ABSTRACT REASONING 2026/Abstract Reasoning 5.pdf,11,4,Abstract Reasoning Practice Question 11. Select the correct option shown in the image.,1,2,3,4,5,C,The figure rotates through 90o counter-clockwise.,Both,Abstract Reasoning,series-completion,2,Yes,cse_abstract_2026_intellmed_q11.png,/Users/lyndon/reviewnatin/output/pdf/cse_abstract_reasoning_2026_images/cse_abstract_2026_intellmed_q11.png,Ready for Upload,Intellmed abstract reasoning item. The source uses visual prompts with text choices and answer explanations.
112,Abstract Reasoning 5.pdf,/Users/lyndon/All reviewers/Civil Service Exam/Civil Service Exam Reviewer 2026/ABSTRACT REASONING 2026/Abstract Reasoning 5.pdf,12,4,Abstract Reasoning Practice Question 12. Select the correct option shown in the image.,1,2,3,4,5,D,The number of sides of the central figure increases by one and the number of line segments attached to the central figure decreases by one.,Both,Abstract Reasoning,series-completion,2,Yes,cse_abstract_2026_intellmed_q12.png,/Users/lyndon/reviewnatin/output/pdf/cse_abstract_reasoning_2026_images/cse_abstract_2026_intellmed_q12.png,Ready for Upload,Intellmed abstract reasoning item. The source uses visual prompts with text choices and answer explanations.
113,Abstract Reasoning 5.pdf,/Users/lyndon/All reviewers/Civil Service Exam/Civil Service Exam Reviewer 2026/ABSTRACT REASONING 2026/Abstract Reasoning 5.pdf,13,5,Abstract Reasoning Practice Question 13. Select the correct option shown in the image.,1,2,3,4,5,D,The figure rotates through 135ocounter-clockwise.,Both,Abstract Reasoning,series-completion,2,Yes,cse_abstract_2026_intellmed_q13.png,/Users/lyndon/reviewnatin/output/pdf/cse_abstract_reasoning_2026_images/cse_abstract_2026_intellmed_q13.png,Ready for Upload,Intellmed abstract reasoning item. The source uses visual prompts with text choices and answer explanations.
114,Abstract Reasoning 5.pdf,/Users/lyndon/All reviewers/Civil Service Exam/Civil Service Exam Reviewer 2026/ABSTRACT REASONING 2026/Abstract Reasoning 5.pdf,14,5,Abstract Reasoning Practice Question 14. Select the correct option shown in the image.,1,2,3,4,5,C,"The figure is enclosed in a new figure with one more number of sides, in such a way that the upper vertex of the two figures coincide",Both,Abstract Reasoning,series-completion,2,Yes,cse_abstract_2026_intellmed_q14.png,/Users/lyndon/reviewnatin/output/pdf/cse_abstract_reasoning_2026_images/cse_abstract_2026_intellmed_q14.png,Ready for Upload,Intellmed abstract reasoning item. The source uses visual prompts with text choices and answer explanations.
115,Abstract Reasoning 5.pdf,/Users/lyndon/All reviewers/Civil Service Exam/Civil Service Exam Reviewer 2026/ABSTRACT REASONING 2026/Abstract Reasoning 5.pdf,15,5,Abstract Reasoning Practice Question 15. Select the correct option shown in the image.,1,2,3,4,5,A,"The number of sides in the main figure reduces by one; the two circles present inside it, move outside and reach the positions on either side of this figure; a new black circle appears inside the figure. 7 3rd Floor Ma. Cristina Building 1, Fuente Osmeña Circle, Cebu City, 6000 (+63) (32) 520-7739 or (+63) 922-945-7182 | hr@intellmed.ph | www.intellmed.ph | www.facebook.com/intellmed",Both,Abstract Reasoning,series-completion,2,Yes,cse_abstract_2026_intellmed_q15.png,/Users/lyndon/reviewnatin/output/pdf/cse_abstract_reasoning_2026_images/cse_abstract_2026_intellmed_q15.png,Ready for Upload,Intellmed abstract reasoning item. The source uses visual prompts with text choices and answer explanations.
